Age,Gender,Location_Geotag (city/town/pincode),Type_of_Institution,Course_Completion_Rate (%),Attendance_Rate (%),Scholarships_Awards (Yes/No),Current_Academic_Standing (GPA),Stipend_Allowance_Amount (₹/month),Allowance_Management_Pattern (₹),Internship_PartTime_Job_Income (₹/month),Education_Loan_History,Mobile_Recharge_Frequency (per month),Network_Diversity (no. of links),Language_Sentiment_Score,Daily_Mobile_Usage (hours/day),Ongoing_Certification_Courses,Achievement_Level,Student_Highlight,College_name,Median_Packages (LPA)
19,Female,Tier 3 (Urban),Govt,81,74,Yes,7.0,9500,5500,3000,2x late,2,10,-0.97,2.87,2,2,Startup Founder,IIM Bangalore,32.5
25,Male,Tier 2 (Urban),Govt,81,74,Yes,9.98,8500,5500,4000,None,4,1,0.84,9.1,1,3,Startup Founder,IIT Delhi,19.0
20,Male,Rural,Private,55,69,Yes,8.97,13500,6500,2000,2x late,4,2,0.87,3.43,1,4,Innovator,VIT Vellore,9.0
22,Female,Tier 2 (Urban),Private,56,90,Yes,5.85,7000,7000,2000,2x late,4,6,0.3,7.54,3,2,Research Publication,Chandigarh University,6.0
18,Male,Tier 1 (Urban),Govt,69,77,Yes,9.85,15000,5000,2000,1x late,5,3,0.7,3.37,3,3,Competition Winner,Jadavpur University,10.0
21,Male,Tier 3 (Urban),Private,92,80,Yes,7.49,13000,5000,2000,2x late,2,5,-0.68,9.04,2,3,Innovator,VIT Vellore,9.0
19,Male,Tier 2 (Urban),Govt,76,61,No,7.37,11000,6500,1000,1x late,2,1,-0.44,4.81,1,0,None,NIT Warangal,12.0
23,Male,Tier 1 (Urban),Private,94,93,Yes,7.87,14000,5500,3000,None,1,4,0.54,4.29,2,4,Research Publication,BITS Pilani,18.0
18,Male,Tier 3 (Urban),Private,79,64,Yes,5.52,7500,6500,1000,1x late,1,2,-0.52,7.27,3,4,Innovator,Chandigarh University,6.0
20,Female,Tier 1 (Urban),Govt,99,79,No,7.67,6500,7000,4000,1x late,4,1,0.26,4.45,2,2,Research Publication,IIM Bangalore,32.5
21,Female,Tier 2 (Urban),Govt,60,68,No,9.8,6000,6000,4000,1x late,2,4,-0.59,5.77,1,4,None,NIT Surathkal,20.0
25,Male,Rural,Private,70,81,Yes,9.14,5500,5500,3000,1x late,3,5,0.49,3.43,2,1,Research Publication,Manipal Institute of Technology,9.69
22,Male,Rural,Govt,81,75,No,8.52,6500,5500,0,1x late,3,8,-0.7,6.75,3,4,Innovator,IIT Kharagpur,19.76
23,Female,Rural,Private,72,76,Yes,6.57,13000,6000,2000,None,3,10,-0.61,2.32,1,0,Innovator,SNU Chennai,4.7
23,Male,Tier 3 (Urban),Govt,67,71,Yes,6.16,15000,5000,4000,None,2,6,-0.12,8.28,2,4,Research Publication,University of Delhi,7.0
18,Female,Rural,Private,89,61,No,7.93,6500,5500,1000,2x late,5,4,-0.39,3.77,2,4,Competition Winner,KIIT University,6.5
24,Female,Tier 3 (Urban),Private,77,84,No,6.2,9000,6000,4000,2x late,2,8,-0.22,7.55,2,1,Patent Holder,BITS Pilani,18.0
18,female,Rural,Govt,61,61,Yes,8.77,10500,6000,1000,None,5,2,-0.87,2.6,1,1,Competition Winner,University of Mumbai,6.0
18,Female,Tier 3 (Urban),Govt,85,87,No,9.77,11500,6000,5000,2x late,5,10,-0.93,3.14,1,4,Competition Winner,IIIT Bangalore,28.3
22,Male,Tier 2 (Urban),Govt,91,69,No,7.44,7000,6000,4000,None,4,1,0.14,2.24,2,2,None,Banaras Hindu University,8.0
25,Female,Tier 3 (Urban),Govt,94,94,No,9.81,5500,6500,2000,1x late,1,7,-0.69,6.12,3,2,Competition Winner,Jadavpur University,10.0
23,Male,Tier 2 (Urban),Private,57,77,No,6.98,7000,5000,3000,2x late,3,10,0.63,5.83,3,2,Social Impact Leader,Manipal Institute of Technology,9.69
21,Male,Tier 1 (Urban),Private,81,76,Yes,8.02,10500,5000,1000,None,1,10,-0.67,7.17,1,1,Patent Holder,Lovely Professional University,5.0
22,Female,Tier 3 (Urban),Private,53,61,No,8.16,12500,5000,5000,1x late,2,6,-0.86,4.05,1,4,Award Winner,Amity University,5.5
25,Male,Tier 2 (Urban),Govt,68,95,No,5.6,9000,5500,1000,None,3,9,-0.51,9.5,3,4,Social Impact Leader,University of Delhi,7.0
25,Female,Tier 3 (Urban),Govt,53,96,No,8.38,13500,5000,1000,None,3,9,0.61,9.45,2,1,Research Publication,NIT Surathkal,20.0
24,Female,Tier 3 (Urban),Govt,79,100,No,8.1,11500,6000,4000,2x late,4,4,0.21,6.6,3,4,Social Impact Leader,IIM Bangalore,32.5
19,Female,Tier 1 (Urban),Govt,83,61,No,8.02,14000,5500,5000,1x late,2,9,-0.79,6.41,1,4,Research Publication,University of Calcutta,5.5
18,Male,Tier 3 (Urban),Govt,85,82,No,6.86,11000,7000,1000,2x late,3,4,0.08,2.69,2,0,Award Winner,IIIT Hyderabad,26.0
20,Male,Tier 1 (Urban),Govt,85,75,Yes,9.19,8000,5500,1000,None,1,5,-0.15,3.18,3,3,Social Impact Leader,University of Mumbai,6.0
24,Female,Tier 1 (Urban),Govt,96,61,Yes,9.03,6000,5000,0,None,3,2,0.24,5.5,2,0,None,Delhi Technological University,15.0
24,Male,Tier 1 (Urban),Govt,91,72,No,9.26,13500,7000,3000,None,5,6,0.3,8.88,1,3,Award Winner,NIT Warangal,12.0
18,Female,Tier 3 (Urban),Private,73,81,No,7.88,9000,5500,5000,2x late,1,8,0.31,7.53,3,4,Research Publication,Lovely Professional University,5.0
24,Female,Tier 3 (Urban),Govt,65,64,No,7.29,14000,6500,1000,1x late,2,4,-0.21,6.0,1,1,None,NIT Surathkal,20.0
24,Female,Tier 3 (Urban),Govt,70,74,Yes,7.17,6500,7000,3000,1x late,3,6,0.87,8.29,1,1,None,IIM Calcutta,33.67
19,Female,Tier 2 (Urban),Private,85,85,Yes,7.45,5000,5000,0,1x late,3,6,0.43,9.0,2,4,Competition Winner,SNU Chennai,4.7
18,Female,Tier 2 (Urban),Govt,90,63,Yes,7.12,8000,6500,2000,1x late,1,7,-0.9,6.18,1,0,Competition Winner,IIT Madras,25.0
25,Female,Rural,Private,53,67,Yes,5.69,12000,7000,4000,1x late,5,8,-0.04,8.66,3,1,Research Publication,Manipal Institute of Technology,9.69
19,Female,Tier 2 (Urban),Private,60,89,No,9.92,11500,5000,5000,2x late,4,2,-0.7,2.49,3,3,None,BITS Pilani,18.0
25,Female,Tier 2 (Urban),Govt,52,66,No,6.06,11000,5000,3000,2x late,4,8,-0.05,7.01,3,0,Competition Winner,Jadavpur University,10.0
19,Male,Tier 2 (Urban),Govt,65,95,No,6.36,11000,5000,0,2x late,4,3,-0.27,6.47,2,0,Social Impact Leader,Anna University,8.0
25,Male,Tier 3 (Urban),Govt,60,97,No,8.28,7500,5500,5000,None,4,5,-0.19,8.72,1,0,Startup Founder,University of Delhi,7.0
19,Female,Rural,Govt,73,61,Yes,6.48,9000,5500,0,None,2,1,-0.3,4.78,2,3,Patent Holder,NIT Warangal,12.0
24,Male,Rural,Govt,79,68,Yes,6.49,6000,6500,1000,None,2,4,0.12,8.06,2,3,Social Impact Leader,Anna University,8.0
24,Female,Rural,Private,88,77,Yes,8.96,11000,7000,4000,2x late,5,10,0.6,5.65,2,1,Innovator,Manipal Institute of Technology,9.69
25,Male,Rural,Govt,89,89,Yes,8.07,9500,6500,1000,2x late,2,10,-0.15,9.69,3,1,Competition Winner,University of Delhi,7.0
22,Female,Tier 2 (Urban),Private,88,62,Yes,9.7,7500,7000,4000,2x late,2,1,0.56,6.51,3,2,Award Winner,Manipal Institute of Technology,9.69
22,Male,Tier 1 (Urban),Govt,91,75,Yes,7.24,9000,6000,0,2x late,3,9,0.69,7.24,3,2,Competition Winner,IIIT Bangalore,28.3
25,Male,Tier 2 (Urban),Govt,79,74,No,8.11,11500,6000,2000,2x late,1,3,-0.39,5.22,1,1,Innovator,Delhi Technological University,15.0
19,Female,Rural,Govt,75,97,No,6.76,5500,6000,4000,1x late,1,6,-0.16,7.2,2,2,Patent Holder,NIT Warangal,12.0
25,Male,Tier 2 (Urban),Govt,79,74,No,8.34,9000,7000,5000,1x late,2,9,-0.39,9.39,2,1,Award Winner,IIIT Bangalore,28.3
24,Male,Tier 1 (Urban),Govt,51,69,Yes,9.83,15000,7000,1000,None,4,9,-0.88,6.57,1,2,None,IIIT Bangalore,28.3
22,Male,Tier 3 (Urban),Govt,74,77,Yes,7.61,8000,6500,3000,None,1,6,0.52,5.85,1,3,Competition Winner,IIIT Bangalore,28.3
21,Male,Rural,Govt,54,89,No,7.31,15000,6000,1000,None,1,1,0.13,3.35,1,2,Innovator,NIT Trichy,14.35
23,Female,Tier 2 (Urban),Govt,100,69,No,9.76,11000,5500,1000,1x late,1,7,0.32,5.82,1,4,Startup Founder,University of Calcutta,5.5
25,Female,Tier 3 (Urban),Govt,85,78,Yes,8.95,5500,5000,3000,2x late,5,3,-0.8,7.61,3,0,None,IIT Delhi,19.0
23,Male,Tier 1 (Urban),Govt,92,98,Yes,8.51,9500,6000,0,None,5,6,-0.68,3.32,2,2,Innovator,IIIT Hyderabad,26.0
22,Female,Tier 1 (Urban),Govt,54,95,No,5.96,8000,5500,3000,1x late,1,4,-0.53,6.03,1,2,Research Publication,IIT Kanpur,40.7
24,Female,Tier 2 (Urban),Private,84,99,No,9.12,7000,6500,1000,None,1,9,-0.63,7.16,3,4,None,KIIT University,6.5
23,Female,Rural,Govt,80,64,No,8.98,12000,5000,1000,None,3,10,0.1,3.1,3,2,None,Anna University,8.0
22,Male,Tier 2 (Urban),Govt,96,83,Yes,9.96,14000,6500,4000,1x late,4,4,-0.21,4.77,1,4,Patent Holder,University of Pune,6.5
18,Male,Rural,Private,88,95,No,7.04,10500,5000,2000,None,5,5,-0.12,8.7,2,2,Competition Winner,Amity University,5.5
25,Female,Tier 3 (Urban),Govt,77,100,Yes,9.63,10500,6000,4000,2x late,3,8,0.64,9.17,2,1,Competition Winner,IIT Delhi,19.0
24,Male,Tier 1 (Urban),Govt,63,74,No,9.99,10500,6500,5000,None,3,1,-0.12,8.64,2,0,None,IIT Bombay,17.92
22,Male,Tier 3 (Urban),Private,68,95,Yes,8.71,10000,5500,4000,2x late,1,1,0.47,5.3,2,2,Award Winner,BITS Pilani,18.0
22,Male,Tier 1 (Urban),Private,64,96,No,8.94,7000,5500,1000,None,4,9,-0.02,2.36,2,0,Research Publication,Amity University,5.5
19,Male,Tier 3 (Urban),Private,52,75,No,6.14,14500,6500,0,None,2,8,-0.81,3.18,2,3,Competition Winner,SRM University,7.5
19,Male,Tier 2 (Urban),Govt,51,80,No,5.56,12500,5500,1000,None,2,7,-0.87,9.24,2,2,Patent Holder,University of Pune,6.5
18,Male,Rural,Private,99,63,No,5.72,13500,6500,5000,2x late,2,10,0.74,5.96,2,4,Startup Founder,Amity University,5.5
20,Male,Tier 1 (Urban),Govt,72,62,Yes,9.63,6000,6500,5000,2x late,4,3,0.62,3.94,2,0,Research Publication,IIIT Hyderabad,26.0
22,Male,Tier 2 (Urban),Private,100,61,Yes,6.4,13500,6000,4000,2x late,5,8,-0.16,4.59,3,2,Startup Founder,VIT Vellore,9.0
20,Male,Tier 3 (Urban),Govt,89,69,Yes,9.03,6000,5500,2000,None,1,4,-0.64,4.86,3,1,Innovator,University of Pune,6.5
18,Male,Tier 1 (Urban),Private,77,78,Yes,7.84,6500,6500,2000,1x late,5,7,-0.5,8.12,1,3,Patent Holder,Amity University,5.5
20,Male,Rural,Govt,62,64,Yes,8.03,8500,7000,0,None,4,6,-0.88,6.19,3,0,Competition Winner,IIIT Hyderabad,26.0
20,Male,Rural,Private,61,66,Yes,6.54,6000,5000,4000,None,4,4,-0.33,3.3,2,1,Award Winner,SNU Chennai,4.7
25,Male,Tier 2 (Urban),Private,80,84,Yes,7.4,12000,6500,4000,1x late,4,2,0.96,7.93,2,2,None,VIT Vellore,9.0
19,Male,Rural,Govt,99,75,Yes,9.17,12500,5500,5000,1x late,2,6,-0.15,5.27,2,4,Award Winner,NIT Surathkal,20.0
22,Male,Rural,Govt,55,75,No,5.54,15000,5000,5000,2x late,2,3,-0.22,7.52,1,4,Innovator,NIT Surathkal,20.0
24,Female,Rural,Govt,90,91,Yes,6.76,15000,7000,5000,1x late,2,2,0.54,9.12,1,3,Award Winner,Jadavpur University,10.0
23,Female,Rural,Govt,55,93,No,5.5,7500,6500,3000,2x late,2,1,0.65,2.1,3,0,Startup Founder,IIM Calcutta,33.67
20,Female,Tier 3 (Urban),Govt,98,100,Yes,7.17,12000,6000,4000,1x late,4,6,0.13,9.32,2,4,None,IIM Bangalore,32.5
22,Female,Tier 3 (Urban),Govt,60,90,No,5.63,12500,5000,0,2x late,2,8,-0.17,9.16,1,2,Award Winner,University of Delhi,7.0
19,Female,Rural,Govt,89,77,No,8.02,5000,6000,2000,1x late,5,1,0.05,8.9,1,0,Research Publication,IIM Bangalore,32.5
24,Male,Tier 3 (Urban),Govt,51,76,No,9.91,7500,5000,0,2x late,1,3,-0.5,2.04,1,3,Award Winner,IIIT Bangalore,28.3
25,Male,Rural,Private,100,95,Yes,8.02,5500,6000,4000,1x late,3,2,-0.76,3.56,2,0,Startup Founder,Chandigarh University,6.0
18,Female,Tier 1 (Urban),Private,100,64,Yes,8.87,11000,5000,3000,2x late,4,9,0.3,4.75,3,4,Innovator,Chandigarh University,6.0
18,Male,Tier 3 (Urban),Govt,65,97,No,7.16,13000,5000,5000,2x late,4,1,1.0,7.36,2,2,None,University of Mumbai,6.0
19,Male,Rural,Govt,86,99,Yes,5.95,12000,7000,0,2x late,1,5,-0.32,6.6,3,1,Innovator,University of Mumbai,6.0
22,Female,Tier 2 (Urban),Govt,79,92,Yes,9.75,11500,5500,5000,None,1,7,0.11,7.26,2,2,Award Winner,Banaras Hindu University,8.0
25,Male,Rural,Govt,94,100,Yes,7.17,12000,5000,3000,1x late,5,2,-0.61,6.27,2,0,Social Impact Leader,Jadavpur University,10.0
23,Male,Tier 2 (Urban),Govt,87,78,Yes,8.79,10500,6000,3000,1x late,5,5,0.02,2.42,1,0,Competition Winner,NIT Trichy,14.35
20,Male,Tier 2 (Urban),Govt,79,95,Yes,9.23,7000,5500,2000,1x late,2,5,0.32,3.5,1,1,Research Publication,IIT Kanpur,40.7
18,Female,Rural,Govt,93,97,No,7.69,8500,7000,1000,None,1,9,0.75,9.85,2,1,Startup Founder,IIIT Bangalore,28.3
20,Male,Rural,Govt,79,83,Yes,8.99,9000,5000,2000,2x late,4,4,0.39,6.1,2,2,Award Winner,IIM Calcutta,33.67
20,Male,Tier 1 (Urban),Govt,61,90,No,9.73,9500,6000,2000,1x late,1,8,-0.51,8.7,3,2,Award Winner,University of Pune,6.5
19,Female,Tier 3 (Urban),Govt,57,78,No,9.85,14500,5000,1000,2x late,2,3,0.29,6.17,3,3,Patent Holder,Jadavpur University,10.0
18,Female,Tier 2 (Urban),Govt,67,87,Yes,5.92,12000,6500,2000,2x late,3,2,-0.02,4.96,1,1,None,University of Pune,6.5
23,Female,Tier 2 (Urban),Govt,92,82,Yes,9.48,8500,5500,1000,1x late,1,3,-0.52,9.36,3,2,Research Publication,IIT Kanpur,40.7
23,Male,Rural,Govt,69,79,Yes,9.04,9500,5000,4000,2x late,4,3,-0.53,6.76,1,2,Social Impact Leader,IIT Kharagpur,19.76
24,Male,Tier 3 (Urban),Govt,96,67,No,7.25,6500,5500,4000,2x late,1,7,-0.25,6.27,1,0,None,IIM Ahmedabad,31.58
25,Male,Tier 2 (Urban),Govt,91,68,Yes,6.76,11500,6000,1000,None,3,5,0.52,2.39,1,4,Startup Founder,IIIT Bangalore,28.3
18,Female,Tier 2 (Urban),Govt,81,63,Yes,9.68,13500,6000,0,2x late,3,7,-0.49,8.9,1,0,Startup Founder,University of Mumbai,6.0
18,Male,Tier 2 (Urban),Private,79,79,No,8.49,5000,7000,3000,1x late,3,1,0.4,8.61,3,2,Research Publication,VIT Vellore,9.0
22,Male,Rural,Private,90,70,Yes,7.99,12500,5000,2000,None,3,2,0.69,5.27,2,1,Competition Winner,KIIT University,6.5
24,Female,Rural,Private,79,85,Yes,8.96,6000,7000,2000,1x late,5,6,-0.28,5.43,3,1,Innovator,SRM University,7.5
20,Female,Rural,Govt,79,73,Yes,8.87,11500,5000,4000,None,4,7,-0.19,7.27,1,3,None,Banaras Hindu University,8.0
20,Male,Tier 2 (Urban),Govt,50,66,No,9.4,10000,7000,4000,1x late,2,4,0.67,9.38,1,2,Social Impact Leader,IIM Bangalore,32.5
22,Female,Tier 3 (Urban),Private,79,75,No,9.85,13500,7000,3000,2x late,5,5,0.49,6.74,1,3,Innovator,Manipal Institute of Technology,9.69
19,Male,Rural,Private,67,61,No,6.53,14000,5000,4000,1x late,3,10,-0.5,5.96,1,3,Startup Founder,VIT Vellore,9.0
25,Female,Rural,Govt,50,62,Yes,7.4,8000,6500,2000,2x late,2,8,-0.4,8.63,3,1,Competition Winner,IIIT Bangalore,28.3
21,Female,Tier 3 (Urban),Private,99,98,Yes,8.0,7000,5500,3000,2x late,1,5,-0.46,5.14,2,2,None,SRM University,7.5
18,Male,Tier 1 (Urban),Govt,79,69,Yes,6.29,14000,6000,1000,None,3,6,-0.03,6.28,2,0,Startup Founder,Jadavpur University,10.0
24,Male,Tier 3 (Urban),Govt,69,91,No,8.2,7500,5000,4000,1x late,1,10,-0.82,4.34,2,4,Innovator,IIT Delhi,19.0
23,Male,Tier 3 (Urban),Private,74,81,Yes,6.91,15000,5000,0,1x late,3,2,-0.14,9.09,2,4,Startup Founder,Chandigarh University,6.0
22,Male,Rural,Govt,85,60,Yes,9.64,9000,5500,4000,1x late,1,6,0.78,8.98,3,0,None,IIT Kharagpur,19.76
21,Female,Rural,Private,73,92,No,9.87,6500,6500,4000,None,3,5,-0.1,3.77,2,4,Innovator,SNU Chennai,4.7
23,Female,Tier 1 (Urban),Govt,73,85,No,5.77,9500,6000,2000,None,1,2,0.31,2.43,2,4,Competition Winner,NIT Trichy,14.35
25,Male,Tier 2 (Urban),Govt,65,100,No,5.51,10000,5000,3000,None,2,5,1.0,6.64,1,1,Social Impact Leader,NIT Surathkal,20.0
24,Female,Tier 2 (Urban),Govt,80,85,No,7.71,9500,5000,3000,None,3,3,0.01,9.67,1,4,Research Publication,University of Pune,6.5
19,Male,Tier 1 (Urban),Private,53,63,Yes,9.67,14500,7000,2000,2x late,5,7,0.15,2.63,1,2,Competition Winner,Chandigarh University,6.0
21,Male,Rural,Govt,79,82,Yes,8.16,7000,5000,2000,2x late,4,5,0.98,3.14,1,0,Research Publication,University of Delhi,7.0
18,Male,Tier 1 (Urban),Private,65,96,No,6.79,12500,6000,0,1x late,4,2,0.39,2.13,2,2,Competition Winner,Lovely Professional University,5.0
18,Male,Tier 2 (Urban),Govt,83,89,No,6.53,11000,6500,3000,2x late,2,8,0.89,5.42,1,1,Research Publication,Delhi Technological University,15.0
18,Female,Rural,Govt,62,79,No,8.57,10000,6000,3000,2x late,2,10,0.54,3.79,2,0,Startup Founder,University of Delhi,7.0
21,Female,Tier 3 (Urban),Govt,63,66,Yes,7.76,7500,5000,1000,1x late,4,7,-0.5,2.11,1,1,Award Winner,Jadavpur University,10.0
22,Female,Tier 3 (Urban),Govt,76,75,Yes,7.0,12000,6500,0,1x late,4,4,0.75,2.87,1,2,Patent Holder,Jadavpur University,10.0
25,Male,Tier 3 (Urban),Private,83,88,Yes,8.7,12500,6000,1000,1x late,5,6,-0.39,7.8,2,0,Competition Winner,Manipal Institute of Technology,9.69
22,Male,Tier 1 (Urban),Private,75,73,No,9.89,12000,7000,3000,1x late,2,7,0.63,3.81,3,3,Patent Holder,SNU Chennai,4.7
22,Female,Tier 2 (Urban),Govt,61,80,No,6.56,5500,6000,3000,1x late,5,3,-0.66,5.7,3,1,Innovator,NIT Warangal,12.0
22,Male,Tier 3 (Urban),Govt,80,77,Yes,6.66,11000,6500,2000,2x late,3,5,-0.97,8.15,2,2,Innovator,University of Calcutta,5.5
23,Male,Tier 1 (Urban),Private,55,74,No,6.91,5000,7000,0,2x late,1,7,-0.59,9.96,3,1,None,VIT Vellore,9.0
22,Male,Tier 1 (Urban),Govt,73,72,No,6.05,5000,6000,0,2x late,2,2,0.55,3.21,1,2,Competition Winner,Delhi Technological University,15.0
19,Male,Tier 1 (Urban),Govt,60,60,No,9.1,8500,6500,0,2x late,2,7,0.23,9.43,2,2,Award Winner,NIT Warangal,12.0
22,Male,Tier 2 (Urban),Govt,79,63,No,9.52,6000,5000,2000,2x late,2,3,-0.75,4.47,2,0,Research Publication,IIT Madras,25.0
24,Male,Tier 2 (Urban),Govt,56,92,Yes,6.89,13000,5000,5000,None,2,2,-0.72,7.42,1,4,Startup Founder,NIT Warangal,12.0
19,Female,Rural,Govt,82,71,Yes,6.87,7500,5000,1000,None,4,4,-0.24,3.27,1,0,Research Publication,Banaras Hindu University,8.0
23,Female,Tier 2 (Urban),Govt,99,67,No,8.38,10500,6500,2000,None,2,5,-0.05,3.82,3,1,Competition Winner,NIT Warangal,12.0
21,Male,Tier 3 (Urban),Govt,98,81,Yes,5.51,7000,6500,3000,1x late,3,5,0.24,3.68,2,4,Startup Founder,NIT Surathkal,20.0
24,Male,Tier 3 (Urban),Govt,52,88,Yes,8.38,7000,5500,3000,1x late,4,1,0.52,5.47,1,4,Patent Holder,Delhi Technological University,15.0
21,Female,Tier 1 (Urban),Govt,91,70,Yes,7.52,6500,5000,1000,None,1,7,0.56,7.04,3,4,Research Publication,IIM Ahmedabad,31.58
23,Male,Tier 2 (Urban),Govt,65,88,No,8.02,9000,5500,3000,2x late,3,1,-0.17,9.22,1,0,Social Impact Leader,IIT Kanpur,40.7
20,Female,Tier 1 (Urban),Govt,58,85,Yes,6.01,7000,6500,5000,1x late,1,8,0.45,7.4,1,1,Patent Holder,IIT Bombay,17.92
22,Female,Tier 2 (Urban),Govt,58,72,No,5.9,11000,5000,2000,2x late,4,9,0.37,5.94,2,3,Patent Holder,NIT Trichy,14.35
21,Male,Tier 2 (Urban),Govt,53,68,Yes,6.24,14500,6000,0,1x late,3,5,-0.02,2.8,2,1,Research Publication,University of Calcutta,5.5
25,Female,Rural,Govt,62,83,Yes,8.07,9500,5000,1000,1x late,5,6,-0.3,7.81,3,0,Innovator,NIT Surathkal,20.0
24,Female,Rural,Govt,74,89,No,6.34,8000,5000,1000,1x late,4,5,-0.91,7.77,2,4,Social Impact Leader,University of Mumbai,6.0
21,Female,Tier 2 (Urban),Govt,74,95,Yes,6.15,7500,6500,2000,None,2,9,-0.1,2.82,1,3,Award Winner,University of Delhi,7.0
21,Male,Tier 3 (Urban),Govt,90,65,No,7.41,14500,5000,3000,1x late,4,2,0.68,5.76,2,2,None,IIM Bangalore,32.5
24,Male,Tier 1 (Urban),Private,63,66,Yes,7.21,13500,5500,4000,None,1,2,-0.75,2.84,1,4,Startup Founder,BITS Pilani,18.0
20,Female,Rural,Govt,74,62,No,6.58,14500,6500,1000,2x late,1,2,-0.2,8.66,1,0,Competition Winner,University of Calcutta,5.5
19,Male,Tier 2 (Urban),Govt,95,65,No,7.68,8500,6500,4000,2x late,5,4,-0.11,7.14,2,0,Research Publication,IIT Kharagpur,19.76
22,Male,Tier 1 (Urban),Govt,65,84,Yes,6.9,15000,7000,2000,1x late,1,6,-0.82,2.37,2,4,None,IIT Bombay,17.92
23,Female,Tier 3 (Urban),Govt,76,87,Yes,6.41,5500,5000,4000,None,3,3,0.4,2.8,3,1,Startup Founder,IIM Calcutta,33.67
25,Female,Tier 2 (Urban),Govt,97,60,Yes,7.38,7500,5500,3000,1x late,1,2,-0.43,5.35,2,1,Competition Winner,IIM Calcutta,33.67
21,Female,Tier 1 (Urban),Govt,93,99,Yes,9.21,13000,5500,4000,2x late,3,7,0.34,8.15,3,0,Research Publication,IIIT Hyderabad,26.0
22,Male,Tier 2 (Urban),Private,88,66,Yes,6.29,11500,5000,5000,1x late,1,1,0.98,5.83,1,4,Research Publication,Amity University,5.5
24,Male,Tier 2 (Urban),Private,69,73,Yes,9.09,9500,5000,5000,2x late,3,1,-0.5,5.35,2,3,Social Impact Leader,Manipal Institute of Technology,9.69
24,Male,Tier 1 (Urban),Govt,93,92,Yes,9.53,8500,5000,4000,1x late,4,10,-0.09,8.29,2,2,Patent Holder,IIT Kanpur,40.7
24,Male,Tier 2 (Urban),Private,82,60,No,8.56,10500,7000,5000,1x late,1,1,0.05,3.4,3,0,Research Publication,Manipal Institute of Technology,9.69
25,Male,Tier 3 (Urban),Govt,77,70,Yes,5.51,11000,5500,3000,2x late,3,10,0.49,5.86,3,3,Research Publication,IIM Calcutta,33.67
24,Male,Tier 2 (Urban),Govt,68,71,Yes,5.64,13500,6000,5000,2x late,5,2,-0.13,6.12,1,0,Award Winner,University of Delhi,7.0
20,Female,Tier 1 (Urban),Govt,84,98,No,8.9,15000,7000,4000,None,2,4,0.63,3.63,3,3,Startup Founder,IIM Ahmedabad,31.58
18,Female,Rural,Govt,82,98,No,7.37,10000,7000,0,1x late,3,1,0.34,8.99,1,4,Award Winner,Anna University,8.0
21,Male,Tier 1 (Urban),Govt,99,73,Yes,6.98,8500,6000,4000,1x late,3,3,-0.43,4.9,1,1,Patent Holder,IIIT Hyderabad,26.0
25,Male,Tier 2 (Urban),Govt,86,63,No,6.91,6000,7000,5000,None,1,9,0.76,2.7,1,3,Patent Holder,IIM Calcutta,33.67
18,Female,Tier 3 (Urban),Private,85,75,No,6.23,13000,7000,1000,2x late,5,4,-0.45,9.78,3,1,None,SRM University,7.5
18,Female,Tier 2 (Urban),Private,60,88,Yes,7.65,11000,5500,3000,1x late,3,4,-0.74,4.07,1,3,Startup Founder,VIT Vellore,9.0
22,Female,Rural,Govt,67,96,No,6.81,14000,6000,2000,None,1,6,-0.05,7.98,2,1,Patent Holder,IIT Bombay,17.92
25,Male,Tier 1 (Urban),Govt,86,86,Yes,9.98,14500,6000,4000,1x late,5,3,-0.18,5.02,2,0,Innovator,Delhi Technological University,15.0
18,Male,Tier 1 (Urban),Govt,55,94,Yes,8.98,12500,5000,4000,1x late,1,10,0.33,7.15,1,3,Innovator,NIT Trichy,14.35
21,Male,Rural,Govt,56,88,Yes,8.53,6500,6500,2000,2x late,2,5,0.85,3.69,3,4,Research Publication,Jadavpur University,10.0
22,Male,Tier 1 (Urban),Govt,98,94,Yes,5.69,12000,5000,1000,None,1,8,0.56,5.9,3,2,Patent Holder,NIT Trichy,14.35
20,Female,Rural,Govt,62,96,Yes,8.49,14500,5000,0,2x late,4,4,-0.71,6.62,2,3,Research Publication,Delhi Technological University,15.0
19,Male,Tier 1 (Urban),Private,55,100,Yes,9.74,15000,6500,4000,1x late,3,7,-0.18,3.56,1,4,Patent Holder,Manipal Institute of Technology,9.69
24,Male,Tier 2 (Urban),Govt,93,84,Yes,6.55,12000,7000,2000,None,4,6,-0.12,4.39,3,0,None,IIT Madras,25.0
25,Female,Tier 2 (Urban),Govt,98,98,No,6.92,10500,6500,2000,None,1,1,0.85,6.88,2,2,Patent Holder,University of Pune,6.5
19,Female,Tier 3 (Urban),Private,98,64,Yes,6.04,12000,5000,1000,1x late,1,7,0.62,7.83,1,4,None,Manipal Institute of Technology,9.69
19,Male,Tier 1 (Urban),Govt,89,62,Yes,7.61,6500,6000,4000,1x late,1,5,-0.38,6.46,1,0,Competition Winner,University of Calcutta,5.5
21,Male,Tier 1 (Urban),Govt,86,70,No,6.63,15000,5000,4000,1x late,5,10,-0.13,6.92,3,0,Award Winner,IIT Delhi,19.0
23,Male,Tier 3 (Urban),Govt,60,76,No,8.78,7500,5000,4000,1x late,5,4,0.3,2.01,2,2,Startup Founder,IIIT Bangalore,28.3
24,Female,Tier 1 (Urban),Govt,73,95,No,8.1,12000,7000,1000,None,3,5,-0.86,2.82,1,4,Competition Winner,IIM Bangalore,32.5
21,Female,Tier 3 (Urban),Private,59,96,No,6.82,13000,5500,4000,2x late,2,1,-0.07,9.24,1,3,Innovator,KIIT University,6.5
18,Male,Tier 2 (Urban),Private,70,71,No,5.87,9500,6500,2000,None,3,9,-0.79,9.39,2,4,None,SRM University,7.5
25,Male,Tier 1 (Urban),Private,67,97,No,9.65,7500,7000,4000,2x late,2,1,-0.16,6.94,3,0,Research Publication,VIT Vellore,9.0
19,Male,Tier 2 (Urban),Govt,59,89,No,9.6,15000,7000,1000,2x late,3,4,0.3,4.29,1,1,Patent Holder,IIM Ahmedabad,31.58
24,Female,Rural,Govt,85,65,Yes,9.2,8500,5500,3000,2x late,4,7,0.24,7.42,2,3,Innovator,IIM Ahmedabad,31.58
24,Male,Rural,Govt,59,79,No,9.38,5000,5500,5000,None,2,2,0.16,4.21,3,0,Competition Winner,IIT Bombay,17.92
21,Male,Tier 3 (Urban),Govt,89,89,No,8.68,7500,5500,1000,2x late,3,5,0.65,7.06,2,0,Research Publication,NIT Surathkal,20.0
20,Male,Tier 3 (Urban),Private,81,73,No,8.3,9500,6000,4000,2x late,4,5,0.43,3.02,1,2,Startup Founder,VIT Vellore,9.0
19,Male,Tier 2 (Urban),Govt,60,80,No,8.64,8000,6000,2000,2x late,1,8,-0.61,3.74,1,2,Patent Holder,IIT Madras,25.0
22,Male,Tier 1 (Urban),Govt,64,75,No,9.76,12500,6500,0,None,2,10,-0.58,3.96,3,4,Patent Holder,University of Pune,6.5
18,Male,Tier 1 (Urban),Private,84,100,Yes,9.64,7000,5000,1000,2x late,2,1,-0.67,8.87,1,4,Startup Founder,Amity University,5.5
20,Female,Rural,Govt,96,93,No,7.89,11000,7000,4000,2x late,1,10,-0.36,5.24,1,1,Social Impact Leader,IIT Delhi,19.0
23,Male,Rural,Private,88,100,Yes,5.95,8500,5000,3000,1x late,2,7,0.35,2.85,1,0,Patent Holder,KIIT University,6.5
19,Female,Tier 2 (Urban),Govt,53,64,No,9.7,11000,5500,2000,None,3,10,-0.44,2.83,1,4,Patent Holder,University of Delhi,7.0
20,Female,Rural,Private,92,67,Yes,8.07,5000,6500,5000,1x late,5,4,0.75,4.09,3,1,None,SRM University,7.5
23,Male,Tier 2 (Urban),Govt,68,60,Yes,8.77,9000,5000,1000,1x late,4,6,0.68,7.55,1,1,Award Winner,University of Delhi,7.0
22,Male,Rural,Govt,93,74,No,9.6,11500,7000,3000,None,4,2,0.5,9.48,3,1,Innovator,IIM Bangalore,32.5
23,Male,Rural,Private,85,84,Yes,5.7,15000,5500,2000,None,3,5,0.95,3.47,1,4,Social Impact Leader,KIIT University,6.5
18,Female,Tier 1 (Urban),Govt,82,71,No,6.52,15000,6000,4000,1x late,2,9,0.38,3.62,3,2,Innovator,Anna University,8.0
25,Male,Tier 2 (Urban),Govt,84,69,Yes,9.6,15000,6000,1000,1x late,5,3,0.51,2.4,2,4,Award Winner,IIM Bangalore,32.5
22,Male,Tier 2 (Urban),Private,77,77,Yes,7.31,9500,7000,5000,2x late,1,2,0.97,5.31,1,2,Innovator,SRM University,7.5
25,Male,Tier 3 (Urban),Govt,51,73,Yes,6.57,8000,7000,2000,None,1,4,-0.77,5.33,2,3,Patent Holder,Banaras Hindu University,8.0
21,Male,Tier 1 (Urban),Private,88,78,No,5.64,14000,5500,2000,None,4,8,-0.03,4.05,1,4,Social Impact Leader,VIT Vellore,9.0
20,Male,Tier 2 (Urban),Govt,70,84,No,6.36,11000,7000,1000,None,3,2,-0.45,9.98,2,1,Innovator,IIIT Hyderabad,26.0
23,Female,Tier 1 (Urban),Private,95,84,No,9.9,6500,6500,1000,None,2,9,0.42,2.39,3,4,Startup Founder,KIIT University,6.5
19,Male,Tier 2 (Urban),Private,57,75,Yes,5.74,11500,7000,4000,1x late,1,4,0.75,7.35,1,4,Patent Holder,VIT Vellore,9.0
21,Male,Tier 1 (Urban),Govt,75,96,Yes,6.64,6500,6500,4000,1x late,2,8,0.46,7.32,1,1,Patent Holder,IIT Kanpur,40.7
22,Male,Tier 3 (Urban),Govt,80,66,No,7.84,15000,5500,4000,1x late,3,7,0.08,7.87,1,0,Social Impact Leader,IIIT Bangalore,28.3
19,Male,Tier 2 (Urban),Govt,58,83,Yes,5.82,11000,6500,3000,None,1,3,0.47,7.05,1,1,Social Impact Leader,IIM Calcutta,33.67
18,Female,Rural,Govt,75,100,No,9.77,5500,7000,2000,2x late,2,10,0.3,3.23,2,3,Patent Holder,University of Calcutta,5.5
22,Male,Rural,Private,63,71,Yes,8.71,7500,7000,2000,2x late,2,5,-0.44,3.43,2,1,Startup Founder,Lovely Professional University,5.0
20,Female,Tier 1 (Urban),Govt,66,99,Yes,6.3,7500,5500,5000,None,1,7,-0.93,4.76,1,2,Award Winner,IIM Ahmedabad,31.58
24,Female,Tier 3 (Urban),Govt,55,94,Yes,6.51,7500,5000,3000,1x late,3,5,-0.95,6.26,1,0,Social Impact Leader,IIT Madras,25.0
23,Female,Rural,Govt,76,92,No,7.42,7500,7000,4000,1x late,3,9,0.68,9.72,1,3,Social Impact Leader,Delhi Technological University,15.0
20,Male,Tier 1 (Urban),Govt,54,69,No,8.29,13000,6500,4000,None,3,4,-0.83,8.51,3,4,Patent Holder,IIM Bangalore,32.5
19,Male,Rural,Govt,55,84,Yes,7.86,12500,6000,2000,2x late,3,3,-0.03,3.69,1,3,Award Winner,Anna University,8.0
22,Male,Tier 3 (Urban),Govt,65,75,Yes,8.8,6500,6500,3000,2x late,2,10,0.91,5.81,3,1,Award Winner,IIIT Bangalore,28.3
25,Female,Tier 3 (Urban),Govt,80,63,Yes,6.82,13500,6000,2000,2x late,3,5,0.86,9.91,1,3,Competition Winner,IIIT Hyderabad,26.0
20,Male,Tier 1 (Urban),Govt,51,63,Yes,9.6,5000,5000,0,None,3,8,0.54,3.24,2,0,Innovator,IIM Bangalore,32.5
24,Male,Rural,Private,62,73,Yes,8.77,8000,6000,1000,None,1,3,-0.5,6.73,1,4,Competition Winner,BITS Pilani,18.0
25,Male,Rural,Govt,87,75,No,5.61,7000,6500,1000,1x late,5,5,0.05,5.76,2,1,Competition Winner,Banaras Hindu University,8.0
25,Male,Tier 2 (Urban),Govt,71,95,Yes,9.48,14500,6000,2000,None,1,1,-0.01,4.19,1,4,Social Impact Leader,IIIT Bangalore,28.3
19,Male,Tier 2 (Urban),Govt,73,77,Yes,6.13,11000,5500,1000,2x late,5,6,-0.41,5.69,1,4,Research Publication,Anna University,8.0
24,Male,Tier 3 (Urban),Govt,72,89,Yes,7.84,14000,6000,1000,2x late,5,7,-0.74,4.66,2,2,Startup Founder,IIT Madras,25.0
25,Female,Tier 3 (Urban),Govt,63,89,Yes,6.94,12000,7000,0,None,3,10,0.65,4.21,3,1,Startup Founder,Banaras Hindu University,8.0
21,Male,Tier 2 (Urban),Private,88,65,Yes,7.66,14000,7000,2000,2x late,3,10,0.94,6.32,1,0,Competition Winner,Lovely Professional University,5.0
22,Male,Rural,Govt,83,65,Yes,7.06,9500,5500,4000,2x late,1,9,0.37,6.93,3,2,None,Delhi Technological University,15.0
19,Male,Rural,Govt,65,72,Yes,9.02,13500,5500,4000,2x late,4,5,-0.82,7.95,2,0,Competition Winner,IIM Ahmedabad,31.58
18,Female,Tier 2 (Urban),Govt,73,94,No,8.55,14000,7000,5000,2x late,5,2,0.05,3.95,2,0,Startup Founder,University of Pune,6.5
19,Male,Tier 3 (Urban),Govt,98,71,Yes,6.12,11500,7000,1000,2x late,4,3,0.55,4.65,1,1,Research Publication,IIT Kharagpur,19.76
25,Female,Tier 3 (Urban),Govt,78,82,Yes,7.91,12000,7000,3000,2x late,3,10,-0.64,4.32,3,0,Award Winner,IIT Delhi,19.0
25,Female,Rural,Govt,78,74,Yes,5.61,11000,7000,3000,2x late,5,5,0.28,6.55,3,4,Innovator,NIT Surathkal,20.0
22,Female,Tier 2 (Urban),Govt,97,71,No,7.45,8000,5500,0,1x late,4,4,0.39,4.62,3,4,Startup Founder,University of Mumbai,6.0
20,Female,Rural,Govt,100,95,Yes,5.61,7000,5000,1000,2x late,3,10,-0.89,7.4,2,4,None,IIT Kanpur,40.7
24,Male,Tier 1 (Urban),Govt,92,60,No,9.33,7500,5000,3000,1x late,5,4,-0.05,7.9,1,1,Innovator,IIT Bombay,17.92
20,Male,Rural,Govt,69,82,Yes,7.14,11000,5000,0,1x late,4,4,0.44,8.78,1,4,Startup Founder,IIIT Hyderabad,26.0
25,Female,Tier 3 (Urban),Govt,89,92,No,6.07,14000,6500,3000,None,2,5,0.74,9.09,1,1,Competition Winner,NIT Warangal,12.0
23,Male,Rural,Govt,62,95,No,8.39,7500,6000,3000,1x late,3,5,-0.22,5.95,3,3,Competition Winner,IIM Ahmedabad,31.58
23,Female,Tier 1 (Urban),Govt,90,61,Yes,6.29,6500,5500,3000,1x late,3,8,-0.29,8.43,3,1,Competition Winner,Delhi Technological University,15.0
22,Female,Rural,Private,53,75,Yes,9.53,7500,6000,5000,1x late,3,7,0.37,3.83,2,4,Patent Holder,SRM University,7.5
20,Female,Tier 2 (Urban),Private,54,77,No,8.45,12000,7000,5000,2x late,2,10,-0.61,6.55,1,1,Competition Winner,Manipal Institute of Technology,9.69
18,Male,Tier 1 (Urban),Govt,90,81,No,7.57,7000,5000,2000,None,3,3,0.28,8.54,3,0,Patent Holder,IIIT Hyderabad,26.0
19,Male,Tier 2 (Urban),Govt,87,90,No,6.2,12000,6000,1000,2x late,3,2,0.6,6.56,1,0,Startup Founder,IIT Delhi,19.0
24,Male,Tier 3 (Urban),Govt,97,80,No,9.3,13500,5000,3000,None,2,1,-0.27,5.74,2,0,Patent Holder,IIIT Bangalore,28.3
25,Male,Tier 2 (Urban),Govt,72,78,No,8.06,9500,6000,0,None,5,8,0.7,2.66,1,2,Award Winner,IIT Delhi,19.0
23,Male,Tier 3 (Urban),Govt,91,65,No,6.07,12500,5500,1000,2x late,3,2,-0.46,9.14,1,4,Startup Founder,University of Mumbai,6.0
24,Female,Rural,Private,66,73,Yes,5.9,5500,5000,2000,2x late,5,10,-0.84,3.35,3,1,Award Winner,Manipal Institute of Technology,9.69
22,Male,Tier 1 (Urban),Private,70,72,Yes,9.87,12000,7000,3000,2x late,5,7,-0.74,9.91,1,4,Research Publication,SNU Chennai,4.7
25,Male,Rural,Govt,96,95,Yes,5.79,13000,7000,2000,2x late,4,5,0.98,5.55,3,4,None,Jadavpur University,10.0
21,Female,Tier 3 (Urban),Private,89,71,No,6.79,5000,5000,4000,1x late,5,2,0.83,3.41,2,3,Social Impact Leader,SRM University,7.5
20,Male,Tier 2 (Urban),Private,79,66,Yes,9.06,11000,7000,2000,None,4,1,0.19,2.04,3,0,Competition Winner,Lovely Professional University,5.0
18,Male,Tier 3 (Urban),Govt,93,95,No,8.26,12500,6500,5000,1x late,4,10,-0.18,2.6,1,2,Startup Founder,IIT Bombay,17.92
23,Female,Tier 1 (Urban),Govt,76,93,Yes,9.96,13500,6000,4000,1x late,1,4,0.55,8.14,3,1,Competition Winner,University of Delhi,7.0
19,Male,Rural,Govt,62,60,Yes,6.17,5000,7000,2000,None,5,7,-0.17,9.88,3,3,Competition Winner,NIT Surathkal,20.0
25,Female,Rural,Private,70,88,Yes,8.43,8500,5500,3000,None,3,4,-0.98,9.55,3,3,Innovator,SNU Chennai,4.7
21,Male,Rural,Private,70,95,No,6.47,5000,5500,2000,None,1,10,-0.49,5.38,2,0,Award Winner,BITS Pilani,18.0
18,Male,Tier 1 (Urban),Govt,81,84,No,5.79,8500,5000,5000,1x late,5,5,-0.26,9.27,1,2,Competition Winner,IIIT Bangalore,28.3
23,Female,Rural,Private,91,69,Yes,7.08,10500,6000,3000,1x late,4,6,0.8,7.47,1,0,Research Publication,SNU Chennai,4.7
22,Male,Rural,Govt,76,67,No,8.04,13000,5500,2000,None,3,2,0.44,6.21,1,4,None,Delhi Technological University,15.0
24,Male,Rural,Private,89,81,Yes,5.73,14000,5000,4000,1x late,5,4,-0.06,7.66,2,4,None,VIT Vellore,9.0
20,Male,Rural,Private,84,86,Yes,8.01,6000,7000,4000,2x late,5,1,0.43,3.15,1,2,Startup Founder,Manipal Institute of Technology,9.69
22,Male,Tier 3 (Urban),Private,69,97,Yes,9.95,8500,5500,3000,2x late,1,3,0.29,8.87,3,1,Competition Winner,KIIT University,6.5
23,Female,Tier 1 (Urban),Govt,93,76,Yes,6.42,7500,6000,5000,1x late,1,1,-0.85,6.48,1,3,Patent Holder,NIT Surathkal,20.0
18,Female,Tier 2 (Urban),Private,54,60,No,9.28,12500,5500,3000,1x late,4,1,0.7,7.65,3,3,Award Winner,Lovely Professional University,5.0
22,Female,Tier 2 (Urban),Govt,68,73,Yes,8.56,7500,6500,3000,2x late,4,10,-0.26,2.25,2,1,Award Winner,NIT Warangal,12.0
19,Female,Tier 1 (Urban),Govt,87,85,No,9.42,13500,7000,2000,2x late,5,4,0.07,7.94,2,2,Social Impact Leader,NIT Surathkal,20.0
23,Female,Tier 2 (Urban),Govt,71,62,No,6.2,13000,6500,3000,2x late,4,10,-0.77,6.1,1,3,Competition Winner,Anna University,8.0
25,Male,Tier 3 (Urban),Govt,81,92,No,5.6,5500,5000,0,1x late,2,8,0.85,7.52,2,3,Startup Founder,IIM Bangalore,32.5
23,Male,Tier 2 (Urban),Govt,99,88,Yes,7.32,13500,6500,3000,2x late,1,3,0.62,7.16,1,1,None,Banaras Hindu University,8.0
19,Male,Tier 2 (Urban),Govt,81,92,No,9.21,11000,6000,0,1x late,5,4,-0.89,8.17,1,0,None,Banaras Hindu University,8.0
22,Male,Tier 1 (Urban),Govt,63,90,Yes,7.33,11000,6500,3000,2x late,4,4,0.24,4.74,1,0,Social Impact Leader,NIT Trichy,14.35
19,Female,Rural,Govt,100,82,No,5.98,11000,5500,2000,1x late,1,2,-0.68,2.17,3,0,Innovator,University of Delhi,7.0
24,Male,Rural,Govt,100,76,No,8.41,14000,7000,3000,None,2,3,-0.87,5.16,3,1,Award Winner,IIIT Hyderabad,26.0
20,Female,Tier 1 (Urban),Private,61,97,No,6.81,11000,6000,3000,1x late,2,7,-0.77,7.58,1,4,Award Winner,SNU Chennai,4.7
24,Male,Tier 1 (Urban),Private,75,87,Yes,9.01,12500,6000,5000,None,4,5,-0.15,6.64,3,2,Award Winner,Chandigarh University,6.0
21,Female,Tier 3 (Urban),Private,66,73,No,9.78,10000,5000,4000,2x late,3,6,-0.51,3.73,2,0,Competition Winner,Chandigarh University,6.0
24,Female,Tier 2 (Urban),Govt,51,93,Yes,9.43,11000,5500,4000,1x late,3,7,-0.93,6.02,2,1,Social Impact Leader,IIM Bangalore,32.5
21,Male,Rural,Govt,96,67,Yes,7.32,12000,6000,3000,None,3,3,-0.09,3.12,3,0,Patent Holder,NIT Warangal,12.0
25,Female,Tier 3 (Urban),Govt,80,69,No,8.28,13000,7000,3000,2x late,1,3,0.65,5.75,1,2,Competition Winner,NIT Surathkal,20.0
23,Male,Rural,Govt,53,97,No,8.05,6500,6500,5000,None,1,3,0.05,5.98,3,4,Startup Founder,NIT Warangal,12.0
18,Male,Tier 3 (Urban),Private,88,64,No,9.61,13000,6000,0,None,5,8,-0.82,9.22,3,0,Patent Holder,Amity University,5.5
18,Female,Tier 1 (Urban),Govt,56,90,No,7.57,8500,6500,3000,1x late,3,10,-0.46,4.84,2,1,Innovator,IIT Bombay,17.92
24,Male,Tier 3 (Urban),Govt,56,100,No,7.67,15000,5500,5000,1x late,1,8,0.7,7.94,2,0,Social Impact Leader,NIT Surathkal,20.0
18,Male,Tier 1 (Urban),Private,64,71,No,6.27,5000,7000,3000,2x late,5,8,-0.19,7.47,1,4,Innovator,SNU Chennai,4.7
22,Female,Rural,Govt,91,76,No,8.68,8000,7000,1000,2x late,1,5,0.18,4.41,2,0,Startup Founder,University of Mumbai,6.0
21,Female,Tier 3 (Urban),Govt,82,85,No,6.14,15000,5000,5000,2x late,4,4,-0.07,5.69,3,1,Research Publication,IIM Calcutta,33.67
21,Male,Tier 1 (Urban),Govt,71,67,Yes,9.78,7000,7000,2000,2x late,2,3,0.44,8.0,1,2,Research Publication,IIT Kharagpur,19.76
23,Male,Tier 3 (Urban),Private,50,88,Yes,7.56,11000,5500,2000,2x late,1,10,-0.26,5.7,1,4,Innovator,Lovely Professional University,5.0
18,Female,Rural,Govt,74,97,Yes,9.59,9500,5500,1000,2x late,5,8,-0.84,8.0,3,1,Patent Holder,University of Calcutta,5.5
23,Male,Tier 2 (Urban),Govt,86,63,Yes,8.9,8000,6500,4000,2x late,2,3,-0.19,4.48,1,3,Patent Holder,Anna University,8.0
24,Male,Tier 3 (Urban),Govt,94,69,Yes,9.21,7000,6000,1000,1x late,3,7,0.24,2.68,3,1,Competition Winner,IIIT Hyderabad,26.0
18,Female,Rural,Govt,60,87,Yes,8.05,7000,7000,1000,1x late,2,8,0.89,8.14,3,3,Social Impact Leader,University of Mumbai,6.0
22,Male,Tier 3 (Urban),Govt,94,65,No,7.65,6500,6000,5000,1x late,4,7,0.9,4.67,3,3,Award Winner,IIT Kharagpur,19.76
21,Male,Tier 3 (Urban),Govt,62,72,No,8.42,13000,5000,0,2x late,1,3,0.86,9.91,3,0,Startup Founder,IIT Kanpur,40.7
18,Male,Tier 2 (Urban),Govt,71,62,Yes,5.74,15000,7000,0,1x late,5,7,0.48,2.26,1,3,Startup Founder,IIIT Bangalore,28.3
18,Female,Tier 3 (Urban),Govt,71,63,No,8.07,9500,6000,0,1x late,5,3,-0.29,3.37,1,0,Startup Founder,IIT Kharagpur,19.76
24,Female,Tier 2 (Urban),Govt,87,89,Yes,7.46,6500,5000,2000,1x late,2,2,-0.66,9.23,2,1,Social Impact Leader,University of Calcutta,5.5
18,Female,Tier 1 (Urban),Govt,77,65,No,6.08,5000,6000,2000,1x late,1,7,-0.25,9.1,3,4,Competition Winner,IIIT Bangalore,28.3
22,Female,Rural,Private,78,93,Yes,5.93,13000,6000,4000,None,1,4,0.05,8.0,3,1,Patent Holder,Amity University,5.5
21,Male,Tier 3 (Urban),Private,81,64,Yes,7.38,13000,6000,1000,1x late,2,8,-0.04,7.6,2,2,Startup Founder,Chandigarh University,6.0
19,Male,Rural,Govt,55,70,No,5.67,13000,7000,3000,2x late,3,6,0.58,9.32,3,4,Social Impact Leader,IIT Madras,25.0
20,Male,Tier 1 (Urban),Govt,63,98,Yes,8.03,7500,6500,4000,1x late,4,8,0.95,2.95,1,3,None,Jadavpur University,10.0
19,Male,Tier 2 (Urban),Private,50,81,No,8.68,9000,6000,4000,None,3,5,-0.36,7.25,1,4,Startup Founder,VIT Vellore,9.0
20,Male,Rural,Govt,84,78,Yes,6.61,7000,6000,3000,None,3,3,0.43,7.42,2,0,Research Publication,IIM Calcutta,33.67
19,Male,Tier 3 (Urban),Govt,83,61,Yes,9.21,15000,6500,4000,None,3,9,-0.54,9.03,3,2,Research Publication,University of Mumbai,6.0
19,Male,Tier 2 (Urban),Govt,71,82,No,9.31,11500,6500,0,None,2,5,0.02,7.47,1,0,Research Publication,IIT Bombay,17.92
23,Male,Tier 3 (Urban),Govt,88,85,No,6.26,11000,6000,4000,None,4,3,-0.33,2.73,2,1,None,Anna University,8.0
21,Male,Tier 3 (Urban),Govt,78,90,Yes,7.65,6000,6500,1000,1x late,2,8,-0.54,4.49,3,0,Startup Founder,IIM Bangalore,32.5
20,Female,Tier 1 (Urban),Private,70,75,Yes,7.22,12500,6500,2000,None,4,7,-0.81,4.55,1,2,Social Impact Leader,Lovely Professional University,5.0
22,Male,Rural,Govt,80,72,Yes,8.42,8000,5000,1000,2x late,1,8,0.97,3.0,1,1,Research Publication,IIT Delhi,19.0
22,Female,Tier 2 (Urban),Govt,70,70,Yes,9.67,8000,5500,4000,2x late,3,2,0.96,7.96,3,1,Competition Winner,University of Delhi,7.0
24,Male,Tier 1 (Urban),Govt,84,82,Yes,6.26,6500,6500,5000,2x late,1,9,-0.84,3.62,2,3,Startup Founder,IIT Delhi,19.0
21,Male,Tier 2 (Urban),Private,56,90,Yes,7.69,7500,5500,3000,2x late,4,1,-0.97,4.57,3,1,Patent Holder,Lovely Professional University,5.0
23,Female,Tier 1 (Urban),Govt,77,84,No,8.02,10500,5000,3000,2x late,3,5,0.22,4.14,1,4,Award Winner,IIT Bombay,17.92
20,Male,Tier 3 (Urban),Govt,72,77,No,6.27,14500,7000,4000,None,3,9,0.87,2.47,1,0,Innovator,IIT Madras,25.0
25,Male,Rural,Private,91,93,No,8.23,6500,6500,1000,1x late,3,9,-0.75,4.01,3,1,Innovator,Amity University,5.5
25,Male,Tier 2 (Urban),Govt,78,73,Yes,6.54,13000,5500,2000,1x late,4,4,-0.6,3.57,2,2,Innovator,University of Mumbai,6.0
20,Male,Tier 2 (Urban),Govt,52,97,Yes,6.95,5500,6000,4000,None,5,6,0.55,7.89,2,4,Patent Holder,University of Pune,6.5
19,Male,Rural,Private,77,63,Yes,7.75,10000,6000,3000,None,2,3,0.56,6.78,2,2,Competition Winner,SNU Chennai,4.7
25,Male,Tier 3 (Urban),Govt,67,63,Yes,8.16,12000,6500,0,1x late,4,7,-0.29,8.79,2,2,Patent Holder,IIT Kharagpur,19.76
25,Male,Tier 2 (Urban),Govt,88,66,Yes,8.36,9500,7000,4000,1x late,4,5,0.75,7.87,1,4,Social Impact Leader,University of Mumbai,6.0
18,Male,Tier 1 (Urban),Govt,62,92,No,8.06,10500,6000,0,2x late,4,3,-0.94,8.79,2,0,Startup Founder,IIT Kharagpur,19.76
24,Male,Tier 2 (Urban),Govt,75,89,No,8.46,9500,5500,4000,None,4,8,-0.93,8.65,2,3,Award Winner,University of Calcutta,5.5
24,Male,Tier 3 (Urban),Private,92,70,No,5.69,12000,7000,1000,1x late,4,5,-0.85,5.91,2,4,Startup Founder,SRM University,7.5
23,Male,Tier 3 (Urban),Govt,69,87,Yes,7.92,10000,7000,2000,None,5,10,-0.76,5.52,1,2,Social Impact Leader,University of Pune,6.5
21,Male,Rural,Govt,55,65,No,7.14,5000,6500,3000,1x late,1,4,0.7,7.47,2,0,Social Impact Leader,IIT Kanpur,40.7
20,Female,Rural,Govt,79,94,Yes,9.05,9000,6000,3000,None,2,8,-1.0,3.98,3,1,None,Banaras Hindu University,8.0
18,Male,Tier 2 (Urban),Private,76,95,No,5.6,14000,6000,1000,1x late,5,5,0.36,9.42,1,4,Patent Holder,KIIT University,6.5
23,Male,Tier 3 (Urban),Govt,76,92,No,5.76,7000,5500,3000,2x late,2,3,0.38,8.04,1,1,Innovator,IIT Kharagpur,19.76
22,Male,Tier 2 (Urban),Govt,100,87,Yes,6.54,11000,5000,3000,2x late,4,9,-0.27,3.86,2,4,None,IIT Kharagpur,19.76
23,Female,Tier 2 (Urban),Govt,62,67,No,7.81,9000,5500,1000,1x late,2,7,0.32,9.11,1,3,Startup Founder,University of Calcutta,5.5
23,Male,Tier 1 (Urban),Private,50,75,Yes,7.54,9000,5500,1000,None,3,4,0.28,5.11,3,2,None,KIIT University,6.5
19,Male,Tier 3 (Urban),Govt,98,65,No,9.66,13000,7000,2000,2x late,5,3,-0.8,7.07,1,4,Award Winner,Anna University,8.0
24,Female,Rural,Private,78,89,Yes,5.75,5500,6000,2000,None,2,9,0.65,4.08,1,3,Competition Winner,Lovely Professional University,5.0
19,Female,Rural,Govt,82,100,No,9.42,7000,6500,2000,None,1,10,-0.4,6.18,3,4,Competition Winner,Delhi Technological University,15.0
25,Female,Tier 2 (Urban),Private,65,80,No,9.66,9500,5500,4000,1x late,5,3,0.56,8.74,1,0,Innovator,Chandigarh University,6.0
19,Male,Rural,Private,78,64,No,6.15,11000,5500,3000,2x late,4,7,-0.94,7.16,3,1,Innovator,KIIT University,6.5
23,Male,Tier 1 (Urban),Govt,66,71,Yes,9.97,11000,5000,2000,1x late,4,5,-0.59,9.13,3,0,Patent Holder,Banaras Hindu University,8.0
20,Female,Tier 3 (Urban),Govt,60,83,No,9.77,15000,5500,5000,None,5,10,0.27,9.25,2,2,None,Delhi Technological University,15.0
24,Female,Tier 1 (Urban),Govt,75,68,Yes,6.54,8500,5000,0,None,5,6,-0.84,3.05,1,4,Research Publication,University of Mumbai,6.0
20,Male,Tier 2 (Urban),Private,100,84,No,8.38,6500,7000,3000,None,3,6,0.27,7.15,3,1,Research Publication,SRM University,7.5
24,Male,Tier 3 (Urban),Govt,62,94,No,9.28,9000,5500,2000,2x late,3,6,-0.1,6.38,1,1,Innovator,Anna University,8.0
20,Male,Rural,Govt,100,82,Yes,7.74,12000,6500,1000,1x late,2,9,0.31,5.41,1,0,Social Impact Leader,IIT Kharagpur,19.76
21,Female,Tier 3 (Urban),Private,86,76,No,7.79,11000,7000,2000,1x late,3,6,-0.14,9.43,1,1,Award Winner,SNU Chennai,4.7
22,Female,Tier 1 (Urban),Private,86,63,No,8.03,8000,7000,1000,1x late,3,8,-0.52,8.44,3,0,None,Lovely Professional University,5.0
21,Male,Rural,Govt,74,61,Yes,8.85,11500,7000,0,1x late,5,2,0.89,5.93,2,0,Award Winner,IIT Bombay,17.92
23,Female,Tier 1 (Urban),Private,69,77,No,7.93,8000,7000,2000,2x late,4,8,0.58,7.45,3,1,Competition Winner,SNU Chennai,4.7
21,Female,Rural,Govt,64,77,Yes,6.5,7000,6500,4000,None,1,5,0.22,3.77,1,0,Startup Founder,University of Pune,6.5
21,Female,Rural,Govt,93,87,Yes,9.32,10500,6000,3000,None,2,7,-0.73,5.4,1,4,Innovator,Banaras Hindu University,8.0
18,Female,Rural,Private,57,80,No,8.84,15000,6000,5000,1x late,3,4,0.79,4.34,2,1,Social Impact Leader,VIT Vellore,9.0
22,Male,Rural,Govt,53,64,Yes,5.99,7500,7000,5000,1x late,2,1,-0.84,3.2,3,3,Award Winner,IIM Bangalore,32.5
22,Male,Tier 2 (Urban),Govt,88,88,Yes,7.18,7500,7000,1000,1x late,1,5,0.57,6.72,3,1,Innovator,University of Calcutta,5.5
22,Female,Tier 3 (Urban),Govt,89,97,Yes,6.15,15000,7000,5000,None,3,7,0.41,6.69,1,0,Award Winner,IIT Delhi,19.0
21,Male,Rural,Private,91,95,No,7.77,5500,7000,1000,1x late,5,3,0.49,7.26,3,0,None,SRM University,7.5
24,Male,Tier 3 (Urban),Govt,96,79,No,8.19,10500,6000,2000,1x late,5,2,-0.41,5.71,2,4,Startup Founder,IIT Kanpur,40.7
25,Male,Tier 1 (Urban),Govt,80,72,Yes,9.65,14000,6000,4000,None,4,7,0.29,5.25,2,4,Startup Founder,IIT Delhi,19.0
21,Male,Tier 1 (Urban),Private,52,98,No,6.2,6500,5000,0,2x late,1,9,0.98,7.53,2,1,Startup Founder,KIIT University,6.5
18,Male,Tier 1 (Urban),Govt,69,73,No,9.8,6500,6500,5000,None,3,2,0.93,9.7,3,0,Competition Winner,IIM Bangalore,32.5
24,Female,Tier 2 (Urban),Private,68,81,No,6.8,7500,5500,5000,1x late,3,1,-0.28,8.2,2,1,Innovator,BITS Pilani,18.0
23,Male,Tier 1 (Urban),Govt,76,71,Yes,6.09,12000,7000,2000,1x late,3,9,0.5,9.7,1,0,Research Publication,IIM Ahmedabad,31.58
21,Male,Tier 1 (Urban),Private,100,67,Yes,7.03,8000,5500,1000,1x late,2,10,-0.95,8.4,3,2,Innovator,Amity University,5.5
19,Female,Tier 2 (Urban),Private,54,90,Yes,9.7,13000,5500,5000,2x late,1,2,0.31,5.83,2,0,Innovator,SNU Chennai,4.7
18,Female,Tier 2 (Urban),Govt,84,87,Yes,8.05,7000,7000,4000,1x late,1,5,0.56,3.85,3,3,Startup Founder,Banaras Hindu University,8.0
20,Male,Tier 1 (Urban),Govt,79,92,Yes,6.61,10500,7000,5000,None,2,7,-0.83,2.15,3,0,Research Publication,University of Pune,6.5
20,Female,Tier 3 (Urban),Govt,96,84,No,8.01,10000,5500,2000,1x late,3,1,-0.62,4.91,1,2,Innovator,Banaras Hindu University,8.0
21,Male,Tier 2 (Urban),Govt,97,75,Yes,9.46,14000,6000,1000,1x late,3,9,0.79,5.03,3,3,None,IIM Calcutta,33.67
23,Male,Tier 1 (Urban),Govt,82,95,Yes,8.03,8500,6500,4000,1x late,2,4,0.32,3.95,3,3,Social Impact Leader,University of Pune,6.5
22,Female,Tier 1 (Urban),Govt,74,72,No,9.23,6500,7000,2000,2x late,1,8,0.86,5.09,3,4,Startup Founder,IIT Kanpur,40.7
24,Male,Tier 1 (Urban),Govt,83,90,Yes,9.64,9000,6500,4000,2x late,5,1,-0.39,9.43,1,0,Research Publication,IIIT Bangalore,28.3
20,Female,Tier 3 (Urban),Govt,84,79,No,7.81,5500,6000,2000,None,4,1,-0.74,7.46,1,0,Innovator,University of Delhi,7.0
20,Male,Tier 3 (Urban),Govt,54,68,Yes,6.77,11500,5500,4000,2x late,2,6,0.87,8.51,3,1,Innovator,IIM Ahmedabad,31.58
19,Male,Tier 3 (Urban),Govt,50,80,Yes,5.78,11000,6000,1000,None,2,9,0.01,7.11,3,1,Research Publication,University of Delhi,7.0
25,Male,Tier 1 (Urban),Govt,59,99,Yes,8.38,8000,7000,5000,1x late,4,2,-0.18,8.41,2,2,Research Publication,IIM Ahmedabad,31.58
18,Male,Tier 2 (Urban),Private,83,99,No,9.22,14500,5000,3000,None,4,2,1.0,3.4,3,4,Research Publication,SRM University,7.5
23,Male,Rural,Govt,99,65,Yes,6.04,6500,5000,5000,2x late,2,7,0.91,5.5,1,0,Award Winner,Jadavpur University,10.0
23,Female,Tier 1 (Urban),Govt,92,99,No,8.6,13500,6500,3000,1x late,1,5,0.68,6.26,1,0,Patent Holder,IIM Bangalore,32.5
22,Female,Tier 1 (Urban),Govt,88,81,No,7.05,6000,6000,2000,2x late,4,8,-0.81,5.49,1,1,Research Publication,Delhi Technological University,15.0
18,Male,Tier 3 (Urban),Govt,81,99,Yes,9.4,8000,6500,2000,None,4,1,0.67,7.68,2,4,Award Winner,IIM Ahmedabad,31.58
20,Male,Rural,Private,53,99,Yes,7.21,8000,5500,5000,2x late,1,7,0.0,3.25,3,0,None,SRM University,7.5
18,Male,Tier 2 (Urban),Govt,92,88,No,7.07,14500,5000,2000,2x late,4,6,0.16,8.02,2,0,Social Impact Leader,IIM Bangalore,32.5
24,Male,Tier 2 (Urban),Private,63,91,No,9.47,12500,7000,3000,1x late,1,4,0.85,9.29,2,2,None,Lovely Professional University,5.0
23,Female,Tier 2 (Urban),Private,83,69,Yes,8.63,15000,6000,1000,2x late,1,5,-0.85,3.73,3,2,Innovator,Amity University,5.5
23,Male,Rural,Private,77,85,No,8.6,14500,6500,3000,1x late,4,9,0.11,6.68,2,4,Award Winner,Amity University,5.5
23,Male,Tier 1 (Urban),Govt,65,94,No,5.95,9000,5000,1000,None,1,10,-0.4,5.1,1,3,Award Winner,IIT Bombay,17.92
21,Male,Tier 1 (Urban),Govt,82,63,No,8.55,7500,5000,1000,1x late,3,9,0.29,3.91,1,2,Social Impact Leader,IIT Madras,25.0
21,Male,Tier 1 (Urban),Private,66,76,Yes,8.49,13500,5000,1000,None,2,7,-0.07,5.38,3,0,Social Impact Leader,SNU Chennai,4.7
20,Male,Tier 2 (Urban),Private,96,97,Yes,8.15,12000,6000,2000,2x late,4,9,0.9,4.56,3,2,Startup Founder,SNU Chennai,4.7
24,Female,Tier 2 (Urban),Govt,77,69,Yes,9.46,11000,6500,0,None,3,5,0.93,3.78,3,0,Patent Holder,NIT Trichy,14.35
20,Male,Rural,Private,91,62,Yes,8.52,10000,6000,3000,None,5,9,-0.43,7.21,1,1,Patent Holder,KIIT University,6.5
18,Female,Rural,Govt,87,92,No,8.66,14000,7000,0,2x late,5,7,-0.46,8.99,3,0,Research Publication,Anna University,8.0
25,Male,Tier 1 (Urban),Private,92,62,Yes,8.8,14500,6000,4000,1x late,3,2,-0.88,8.88,1,2,Social Impact Leader,SRM University,7.5
21,Male,Tier 3 (Urban),Private,98,67,Yes,7.61,8500,6000,1000,1x late,1,4,-0.22,5.81,2,2,Social Impact Leader,SNU Chennai,4.7
22,Male,Rural,Govt,67,68,No,5.74,15000,7000,4000,1x late,2,7,-0.81,5.15,2,1,Patent Holder,IIT Delhi,19.0
23,Female,Tier 3 (Urban),Govt,80,71,Yes,9.93,5000,7000,5000,1x late,3,10,0.9,3.58,3,4,Research Publication,IIT Bombay,17.92
20,Female,Rural,Private,81,75,No,8.11,11500,6500,3000,None,2,4,-0.3,4.19,1,1,Social Impact Leader,SNU Chennai,4.7
21,Female,Tier 3 (Urban),Private,64,80,No,8.22,15000,6500,3000,2x late,3,7,0.31,6.14,1,1,Competition Winner,VIT Vellore,9.0
22,Female,Tier 1 (Urban),Private,79,96,Yes,9.41,5500,5000,3000,None,2,10,-0.96,4.41,2,2,Innovator,KIIT University,6.5
24,Male,Tier 3 (Urban),Govt,75,67,Yes,8.07,9000,6000,0,None,2,9,0.52,9.65,1,3,Innovator,Banaras Hindu University,8.0
24,Female,Tier 2 (Urban),Private,77,68,No,8.17,10000,7000,0,1x late,4,3,0.85,9.67,1,0,None,KIIT University,6.5
23,Male,Rural,Govt,73,89,No,6.3,11500,6500,5000,2x late,3,10,0.35,3.94,1,0,Competition Winner,Anna University,8.0
23,Male,Rural,Govt,79,86,No,8.96,10500,6500,1000,None,5,4,0.47,9.56,1,1,Award Winner,Jadavpur University,10.0
21,Male,Tier 1 (Urban),Private,79,85,Yes,6.01,5500,6000,1000,2x late,3,8,-0.61,7.98,1,3,Competition Winner,SNU Chennai,4.7
22,Male,Rural,Govt,80,73,No,9.6,5000,6000,3000,2x late,3,6,-0.48,5.98,1,0,Research Publication,IIT Delhi,19.0
23,Male,Tier 2 (Urban),Govt,75,78,Yes,6.38,14500,5000,2000,1x late,4,6,-0.26,6.63,2,0,Competition Winner,NIT Surathkal,20.0
22,Male,Tier 2 (Urban),Govt,58,72,Yes,7.13,12500,5000,2000,2x late,1,2,0.61,7.6,3,3,Research Publication,NIT Surathkal,20.0
25,Female,Tier 2 (Urban),Govt,51,94,Yes,7.28,9000,6500,4000,None,2,1,-0.09,4.26,3,1,Patent Holder,University of Delhi,7.0
19,Male,Tier 1 (Urban),Govt,57,100,No,9.82,11500,5500,4000,1x late,2,2,-0.81,6.62,2,0,Social Impact Leader,University of Mumbai,6.0
21,Female,Tier 2 (Urban),Private,78,82,No,7.78,10500,5500,1000,2x late,1,8,0.08,6.86,2,4,None,Chandigarh University,6.0
25,Female,Rural,Private,93,63,No,6.86,8000,6000,5000,None,2,6,0.55,5.2,1,3,Innovator,KIIT University,6.5
22,Female,Tier 2 (Urban),Private,91,75,No,5.54,13000,5500,4000,1x late,1,3,-0.26,2.57,2,2,Startup Founder,Manipal Institute of Technology,9.69
22,Male,Tier 3 (Urban),Govt,97,88,Yes,6.35,8000,5500,2000,2x late,4,9,0.09,7.75,3,2,Award Winner,IIT Delhi,19.0
19,Female,Rural,Private,88,86,Yes,9.36,9500,7000,5000,2x late,4,4,-0.27,3.95,3,3,Research Publication,VIT Vellore,9.0
18,Female,Tier 2 (Urban),Govt,59,63,No,8.38,6500,6500,3000,2x late,1,7,0.81,6.7,2,2,None,IIT Kharagpur,19.76
19,Male,Tier 3 (Urban),Private,68,96,Yes,6.38,15000,5000,4000,1x late,3,5,0.52,6.49,1,0,Patent Holder,SNU Chennai,4.7
22,Male,Tier 3 (Urban),Govt,57,61,Yes,6.65,9000,7000,4000,1x late,3,4,-0.71,2.33,2,0,Innovator,IIIT Bangalore,28.3
21,Female,Rural,Govt,59,84,Yes,6.17,15000,6000,3000,1x late,5,8,0.71,8.79,2,1,None,IIIT Bangalore,28.3
21,Male,Tier 1 (Urban),Govt,61,60,No,6.78,12500,6000,1000,1x late,2,3,0.48,4.7,1,4,Startup Founder,IIT Delhi,19.0
21,Male,Rural,Govt,81,91,No,8.67,12500,5000,3000,1x late,4,10,-0.53,4.25,2,3,Research Publication,Anna University,8.0
25,Male,Tier 3 (Urban),Private,93,97,Yes,6.94,14000,5000,3000,1x late,2,5,-0.55,7.49,1,4,Competition Winner,Chandigarh University,6.0
24,Male,Rural,Govt,92,79,No,5.68,7000,6500,2000,1x late,3,9,-0.12,4.23,1,0,Patent Holder,IIIT Hyderabad,26.0
21,Male,Rural,Govt,87,68,No,5.58,12000,5500,4000,None,3,4,0.24,3.32,1,1,Competition Winner,IIT Bombay,17.92
23,Male,Tier 1 (Urban),Govt,77,63,Yes,7.86,7000,7000,2000,None,5,8,0.13,4.22,2,1,Competition Winner,University of Delhi,7.0
25,Male,Rural,Govt,72,100,Yes,8.94,6500,5000,4000,None,2,4,-0.86,3.12,1,0,Social Impact Leader,Delhi Technological University,15.0
21,Male,Tier 1 (Urban),Govt,87,75,Yes,7.72,6000,7000,2000,1x late,3,6,-0.13,5.59,3,4,Patent Holder,Delhi Technological University,15.0
23,Female,Tier 2 (Urban),Private,80,87,No,9.94,11500,5500,3000,2x late,4,5,0.84,2.79,1,0,Research Publication,BITS Pilani,18.0
21,Male,Rural,Private,84,94,No,9.61,7500,5000,3000,2x late,1,3,-0.54,6.42,1,2,Patent Holder,Amity University,5.5
21,Male,Tier 1 (Urban),Govt,88,85,Yes,6.21,12500,6500,3000,2x late,5,7,-0.74,6.04,2,0,Innovator,University of Pune,6.5
23,Male,Tier 3 (Urban),Private,74,67,Yes,5.9,6000,6000,2000,1x late,4,1,0.0,7.74,2,4,Competition Winner,Chandigarh University,6.0
25,Male,Rural,Govt,53,91,Yes,9.51,11000,7000,4000,2x late,4,6,0.1,7.05,3,3,None,Anna University,8.0
19,Female,Tier 3 (Urban),Govt,71,98,Yes,9.03,11500,6500,3000,None,4,2,0.16,8.02,2,3,Competition Winner,NIT Surathkal,20.0
21,Male,Tier 3 (Urban),Govt,65,74,No,8.73,11500,5500,1000,1x late,5,9,-0.28,4.6,3,1,Competition Winner,IIM Bangalore,32.5
22,Male,Tier 1 (Urban),Private,96,83,No,6.05,12500,7000,0,None,3,9,0.2,8.74,3,3,Research Publication,VIT Vellore,9.0
24,Female,Rural,Govt,73,78,Yes,8.69,10500,5500,4000,1x late,4,6,-0.65,8.47,1,4,Competition Winner,Jadavpur University,10.0
24,Male,Rural,Govt,59,61,Yes,8.78,14500,5000,4000,2x late,1,5,0.98,2.15,1,1,Award Winner,Banaras Hindu University,8.0
20,Male,Tier 3 (Urban),Govt,91,77,Yes,8.64,13500,6500,2000,2x late,5,9,0.63,4.48,3,4,Patent Holder,IIIT Hyderabad,26.0
22,Female,Tier 1 (Urban),Govt,52,74,No,9.17,9000,7000,2000,1x late,1,8,0.6,8.53,1,1,Award Winner,University of Pune,6.5
22,Female,Tier 3 (Urban),Private,53,76,Yes,6.46,12500,6500,4000,1x late,3,5,0.95,6.18,2,2,Social Impact Leader,KIIT University,6.5
19,Male,Rural,Private,99,83,No,5.73,15000,6500,1000,2x late,4,5,0.36,2.43,2,3,Startup Founder,VIT Vellore,9.0
23,Male,Tier 1 (Urban),Govt,72,65,No,7.6,9000,6500,4000,2x late,4,4,0.87,4.42,2,2,Award Winner,Delhi Technological University,15.0
22,Female,Tier 3 (Urban),Govt,82,79,No,5.95,14500,6000,1000,2x late,1,2,-0.78,4.42,3,4,Social Impact Leader,IIT Delhi,19.0
23,Male,Tier 1 (Urban),Private,85,77,No,9.2,6000,6000,2000,1x late,2,10,0.82,9.12,3,4,Competition Winner,Manipal Institute of Technology,9.69
25,Female,Rural,Govt,84,79,Yes,7.01,5000,6000,3000,2x late,3,10,-0.86,7.81,1,0,None,IIT Kanpur,40.7
18,Female,Tier 3 (Urban),Govt,94,86,No,8.82,14000,6000,1000,2x late,4,3,-0.27,5.92,2,4,Award Winner,IIM Bangalore,32.5
22,Male,Tier 1 (Urban),Private,75,72,No,6.81,14500,5000,1000,2x late,2,8,-0.41,4.66,3,3,Patent Holder,SRM University,7.5
19,Female,Tier 2 (Urban),Govt,68,61,Yes,6.11,10000,7000,1000,1x late,5,5,0.72,8.07,1,1,Patent Holder,IIT Madras,25.0
21,Male,Tier 1 (Urban),Private,83,97,No,6.76,11500,6000,4000,1x late,5,5,-0.64,3.83,2,2,None,BITS Pilani,18.0
25,Male,Tier 2 (Urban),Govt,95,72,No,8.97,5500,5500,4000,2x late,3,8,0.49,8.19,2,0,Award Winner,University of Mumbai,6.0
24,Female,Tier 2 (Urban),Private,62,63,No,6.64,9500,7000,3000,2x late,1,8,-0.17,8.49,3,3,Research Publication,Lovely Professional University,5.0
19,Male,Tier 1 (Urban),Private,79,68,Yes,5.99,6000,5000,1000,1x late,4,6,0.27,6.72,1,4,Social Impact Leader,Manipal Institute of Technology,9.69
25,Male,Rural,Govt,64,82,No,7.3,9500,5500,1000,1x late,5,3,-0.86,5.66,1,2,Research Publication,NIT Trichy,14.35
25,Female,Rural,Govt,77,81,No,6.98,12500,6000,3000,None,5,8,-0.87,3.3,3,1,Innovator,Delhi Technological University,15.0
20,Male,Tier 2 (Urban),Private,65,92,Yes,7.74,11000,7000,4000,None,5,4,-0.02,7.26,2,4,Patent Holder,Manipal Institute of Technology,9.69
20,Female,Tier 1 (Urban),Private,94,71,Yes,6.81,5000,6000,0,2x late,3,9,0.61,8.56,2,0,Startup Founder,Amity University,5.5
22,Male,Tier 2 (Urban),Private,63,83,Yes,7.01,9500,5000,2000,2x late,3,5,-0.27,6.4,1,4,Innovator,SRM University,7.5
21,Male,Tier 1 (Urban),Private,50,79,Yes,9.55,11500,5000,2000,1x late,5,8,0.48,2.01,3,3,Startup Founder,VIT Vellore,9.0
22,Male,Tier 2 (Urban),Private,94,70,No,7.54,13000,5500,1000,None,3,2,-0.43,2.89,3,2,Innovator,VIT Vellore,9.0
19,Female,Tier 3 (Urban),Govt,68,92,Yes,9.51,13500,6500,1000,None,3,3,0.38,3.77,1,0,Innovator,IIT Madras,25.0
18,Male,Rural,Govt,67,67,Yes,9.89,14500,5000,5000,1x late,1,5,-0.48,8.51,1,4,Social Impact Leader,Anna University,8.0
19,Male,Tier 1 (Urban),Private,85,76,No,7.03,5000,7000,4000,2x late,2,8,0.93,4.77,3,3,None,Amity University,5.5
18,Male,Tier 3 (Urban),Govt,60,74,No,7.89,15000,5500,0,None,3,8,-0.34,2.58,2,4,Startup Founder,University of Delhi,7.0
23,Male,Tier 1 (Urban),Govt,66,67,No,6.48,13500,7000,3000,1x late,3,1,-0.35,4.04,1,3,Research Publication,Anna University,8.0
21,Female,Tier 2 (Urban),Govt,83,100,No,8.4,6500,6000,3000,2x late,5,5,-0.42,4.85,3,3,Research Publication,IIM Bangalore,32.5
20,Female,Rural,Private,92,77,No,7.87,14500,7000,1000,2x late,3,8,0.82,3.92,2,1,Innovator,SRM University,7.5
23,Female,Tier 3 (Urban),Govt,95,74,No,6.83,10000,6500,1000,None,1,10,-1.0,6.24,3,0,Research Publication,IIT Delhi,19.0
25,Female,Tier 2 (Urban),Govt,55,87,No,6.57,9000,7000,2000,2x late,4,2,0.9,7.84,1,2,None,Anna University,8.0
22,Female,Rural,Govt,68,69,No,7.3,11000,5000,0,None,4,10,0.73,4.05,1,1,None,Delhi Technological University,15.0
25,Male,Tier 3 (Urban),Govt,59,70,No,7.47,6000,6000,1000,2x late,4,4,0.08,5.25,2,4,Competition Winner,IIM Calcutta,33.67
22,Male,Tier 1 (Urban),Private,50,86,Yes,8.76,10000,6000,4000,None,4,10,0.99,4.73,1,4,Innovator,SRM University,7.5
25,Male,Tier 2 (Urban),Govt,52,72,No,9.34,11000,7000,5000,None,3,7,-0.73,9.2,1,0,Patent Holder,IIM Ahmedabad,31.58
18,Male,Tier 1 (Urban),Private,71,95,Yes,8.68,5500,6000,4000,2x late,5,2,0.93,4.13,3,1,Patent Holder,VIT Vellore,9.0
19,Female,Tier 1 (Urban),Private,58,84,No,5.57,5500,6000,5000,1x late,5,7,0.13,5.26,1,4,None,SRM University,7.5
19,Male,Tier 2 (Urban),Govt,53,88,Yes,7.32,9500,5500,3000,2x late,5,1,-0.76,5.46,2,3,Competition Winner,Anna University,8.0
18,Male,Rural,Govt,98,83,No,6.72,10500,5500,3000,1x late,3,8,0.57,8.92,2,2,Award Winner,IIIT Hyderabad,26.0
18,Male,Tier 3 (Urban),Govt,62,78,No,9.51,15000,5500,2000,2x late,5,9,-0.03,5.19,2,3,Innovator,NIT Trichy,14.35
21,Male,Tier 3 (Urban),Govt,71,80,No,7.69,11500,5500,3000,1x late,1,7,0.76,6.17,2,2,Innovator,NIT Surathkal,20.0
19,Male,Rural,Private,87,75,Yes,7.67,7500,6500,3000,1x late,2,8,0.49,2.14,1,0,Patent Holder,Lovely Professional University,5.0
22,Male,Tier 1 (Urban),Govt,87,60,Yes,7.31,6500,6000,4000,None,1,8,0.96,9.72,1,2,None,NIT Warangal,12.0
25,Male,Tier 2 (Urban),Govt,78,81,Yes,7.0,14000,6000,5000,1x late,3,6,0.08,8.26,1,3,None,Delhi Technological University,15.0
20,Male,Rural,Govt,79,98,Yes,8.87,6500,6500,1000,None,4,1,-0.87,9.75,1,1,Patent Holder,IIM Ahmedabad,31.58
23,Female,Rural,Govt,89,71,Yes,9.79,5000,5000,3000,1x late,5,1,0.2,9.55,1,0,None,IIIT Hyderabad,26.0
19,Female,Tier 2 (Urban),Govt,98,64,No,8.36,12000,5500,2000,None,1,4,-0.15,9.12,3,4,Patent Holder,IIM Ahmedabad,31.58
25,Male,Tier 1 (Urban),Private,69,66,No,5.53,7500,5000,4000,None,1,8,-0.61,3.71,1,0,Competition Winner,Lovely Professional University,5.0
23,Female,Tier 1 (Urban),Govt,80,62,No,7.23,14500,6000,3000,2x late,3,2,0.63,3.59,2,0,Social Impact Leader,NIT Trichy,14.35
20,Male,Tier 1 (Urban),Govt,67,94,No,9.1,7000,7000,4000,None,5,2,0.2,9.89,3,4,Competition Winner,IIT Madras,25.0
23,Female,Tier 3 (Urban),Private,51,87,No,6.09,10500,5000,0,None,4,7,0.37,2.54,1,2,Innovator,Amity University,5.5
18,Female,Rural,Private,82,78,Yes,8.54,12000,6500,4000,None,4,4,-0.42,3.04,2,2,Patent Holder,Amity University,5.5
22,Female,Tier 3 (Urban),Govt,83,76,Yes,7.64,7000,7000,1000,1x late,4,8,-0.28,4.66,2,4,Research Publication,IIM Calcutta,33.67
18,Female,Tier 1 (Urban),Govt,63,63,No,6.08,11000,5500,3000,2x late,1,4,0.7,6.21,1,2,Startup Founder,University of Mumbai,6.0
22,Female,Rural,Govt,55,77,No,9.44,7000,6500,1000,None,2,8,-0.52,4.13,3,0,Innovator,IIM Ahmedabad,31.58
20,Female,Tier 3 (Urban),Private,83,98,No,8.02,6500,6500,4000,1x late,1,4,-0.59,2.4,1,1,Research Publication,SRM University,7.5
23,Male,Rural,Private,91,86,No,7.92,13500,5500,5000,1x late,5,1,0.79,6.8,2,4,Competition Winner,Chandigarh University,6.0
19,Male,Tier 2 (Urban),Govt,76,96,Yes,8.55,9500,5000,3000,1x late,5,1,-0.39,5.63,1,4,Social Impact Leader,IIT Madras,25.0
19,Female,Tier 2 (Urban),Govt,56,62,No,7.01,7000,6000,2000,2x late,2,3,-0.17,9.49,2,2,Patent Holder,IIT Bombay,17.92
18,Female,Tier 1 (Urban),Govt,69,92,Yes,8.52,13500,6500,4000,1x late,5,4,0.21,9.89,2,0,Patent Holder,University of Mumbai,6.0
20,Female,Rural,Govt,92,100,Yes,6.51,15000,7000,2000,None,2,8,0.73,5.29,1,1,None,University of Mumbai,6.0
24,Female,Tier 1 (Urban),Govt,58,67,Yes,7.85,6000,6000,3000,None,2,9,0.73,3.52,2,0,Innovator,NIT Trichy,14.35
24,Female,Rural,Govt,72,85,Yes,7.77,8500,5500,2000,2x late,4,4,0.25,2.15,3,1,None,IIIT Hyderabad,26.0
22,Male,Tier 3 (Urban),Private,61,68,No,9.91,9000,6000,3000,1x late,5,3,0.78,2.5,2,4,Patent Holder,Manipal Institute of Technology,9.69
20,Male,Tier 2 (Urban),Govt,99,66,No,6.06,10000,6500,4000,None,3,9,0.3,2.13,2,2,Startup Founder,NIT Warangal,12.0
